gene_symbol	n_drug_mechanisms
8229807	1
8230507	1
8230508	1
8230819	1
8230924	1
8230937	1
8230957	1
8231029	1
8231511	1
8232310	1
8232678	1
8232915	1
8232983	1
8233619	1
8233620	1
8233621	1
8233823	1
8233868	1
8234154	1
8234407	1
8234408	1
8234840	1
8235475	1
8236087	1
8236088	1
8236100	1
8236974	1
8237447	1
8237618	1
8237795	1
8238085	1
8238086	1
8238343	1
8238380	1
8238404	1
8239847	1
8239920	1
8240195	1
ABAT	1
ABCA1	1
ABCB1	5
ABCC1	1
ABCC8	13
ABL1	24
ACACA	4
ACACB	4
ACE	17
ACHE	23
ACLY	1
ACVR1	2
ACVR2B	1
ACVRL1	2
ADA	2
ADAM17	1
ADAMTS5	1
ADH1A	2
ADH1B	2
ADH1C	2
ADH4	1
ADH5	3
ADH6	1
ADH7	1
ADORA1	12
ADORA2A	18
ADORA2B	11
ADORA3	7
ADRA1A	23
ADRA1B	20
ADRA1D	21
ADRA2A	14
ADRA2B	14
ADRA2C	15
ADRB1	33
ADRB2	21
ADRB3	5
ADRM1	6
AGER	1
AGTR1	18
AGTR2	1
AKR1B1	4
AKT1	16
AKT2	14
AKT3	14
ALDH2	1
ALDH5A1	3
ALK	11
ALOX12	1
ALOX5	9
ALOX5AP	3
AMY2A	1
ANGPT1	2
ANGPT2	8
ANGPTL3	1
ANO1	1
ANPEP	1
AOC3	1
AOPEP	1
APCS	1
APEX1	1
APH1A	6
APH1B	6
APP	3
AR	15
ARAF	3
ATP1A1	6
ATP1A2	6
ATP1A3	6
ATP1A4	6
ATP1B1	6
ATP1B2	6
ATP1B3	6
ATP2A1	1
ATP2A2	1
ATP2A3	1
ATP4A	13
ATP4B	13
ATR	4
AURKA	19
AURKB	18
AURKC	10
AVPR1A	6
AVPR1B	1
AVPR2	6
AXL	5
Ace1	1
BACE1	4
BCHE	4
BCL2	4
BCL2A1	1
BCL2L1	2
BCL2L10	1
BCL2L2	2
BCR	10
BDKRB1	3
BDKRB2	3
BIRC2	1
BIRC3	1
BLK	5
BMP10	1
BMX	2
BRAF	17
BRD2	6
BRD3	6
BRD4	6
BRDT	6
BSG	1
BTK	23
C1S	2
C3	3
C5	10
C5AR1	2
CA1	8
CA12	5
CA13	2
CA14	2
CA2	10
CA3	2
CA4	7
CA5A	2
CA5B	2
CA6	2
CA7	3
CA9	2
CACNA1A	5
CACNA1B	11
CACNA1C	31
CACNA1D	31
CACNA1E	4
CACNA1F	31
CACNA1G	11
CACNA1H	12
CACNA1I	11
CACNA1S	31
CACNA2D1	4
CACNA2D2	4
CACNA2D3	4
CACNA2D4	4
CACNB1	4
CACNB2	4
CACNB3	4
CACNB4	4
CACNG1	4
CACNG2	4
CACNG3	4
CACNG4	4
CACNG5	4
CACNG6	4
CACNG7	4
CACNG8	4
CALCA	3
CALCB	3
CALCRL	11
CALM1	2
CASP1	3
CASP10	1
CASP12	1
CASP14	1
CASP2	1
CASP3	1
CASP4	1
CASP5	1
CASP6	1
CASP7	1
CASP8	2
CASP9	2
CASR	1
CCDC6	2
CCKAR	2
CCKBR	4
CCL11	1
CCL2	1
CCN2	1
CCND1	2
CCR1	3
CCR2	10
CCR5	12
CCR9	2
CD14	2
CD19	1
CD2	2
CD200	1
CD22	2
CD248	1
CD274	8
CD28	1
CD37	1
CD38	4
CD3D	2
CD3E	4
CD3G	2
CD4	7
CD40	5
CD40LG	6
CD44	1
CD47	2
CD52	1
CD6	1
CD70	1
CD74	2
CD80	3
CD86	2
CDA	1
CDC7	4
CDH3	1
CDK1	13
CDK10	4
CDK11B	4
CDK12	4
CDK13	4
CDK14	4
CDK15	4
CDK16	4
CDK17	4
CDK18	4
CDK19	4
CDK2	15
CDK20	4
CDK3	4
CDK4	18
CDK5	7
CDK6	12
CDK7	9
CDK8	4
CDK9	11
CETP	6
CFB	2
CFD	2
CFTR	2
CHEK1	9
CHEK2	2
CHKA	1
CHRM1	32
CHRM2	17
CHRM3	42
CHRM4	5
CHRM5	5
CHRNA1	12
CHRNA10	1
CHRNA3	4
CHRNA4	2
CHRNA7	1
CHRNA9	1
CHRNB1	12
CHRNB2	2
CHRNB4	4
CHRND	12
CHRNE	12
CHRNG	12
CLEC4C	1
CLK2	1
CMA1	1
CNR1	9
COL4A4	1
COMT	4
COX-1	1
COXFA4	3
COXFA4L2	3
CPSF3	1
CPT1B	1
CPT2	1
CR1	1
CRBN	3
CREBBP	1
CRHR1	5
CSF1	2
CSF1R	20
CSF2	5
CSF2RA	1
CSF2RB	1
CSF3R	1
CSNK1E	1
CSNK2A1	1
CTLA4	6
CTNNB1	1
CTSC	1
CTSK	3
CTSS	1
CUL4A	3
CX3CL1	1
CXCL10	2
CXCL12	1
CXCL8	2
CXCR1	3
CXCR2	5
CXCR4	7
CYP11A1	3
CYP11B1	4
CYP11B2	1
CYP17A1	6
CYP19A1	6
CYP26A1	1
CYP3A4	3
CYP3A43	2
CYP3A5	2
CYP3A7	2
CYP46A1	1
CYP51	1
CYSLTR1	4
DBH	1
DDB1	3
DDC	3
DDR2	1
DGAT1	2
DHCR24	1
DHFR	9
DHODH	6
DIO1	1
DKK1	2
DLL4	2
DNMT1	2
DNMT3A	2
DNPEP	1
DPEP1	2
DPP4	19
DPYD	2
DRD1	5
DRD2	72
DRD3	26
DRD4	19
DRD5	2
DXR	1
DYRK1A	1
E2F1	2
E2F2	2
E2F3	2
E2F4	2
E2F5	2
E2F6	2
E2F7	2
E2F8	2
ECE1	1
EDNRA	16
EDNRB	9
EEF1A2	1
EEF2	11
EFNB2	1
EGFL7	1
EGFR	75
EGLN1	5
EGLN2	4
EGLN3	4
EGR1	1
ELANE	4
EML4	5
ENG	1
ENPEP	2
ENPP2	1
ENV	1
EPAS1	1
EPCAM	1
EPHA1	1
EPHA10	1
EPHA2	3
EPHA3	2
EPHA4	1
EPHA5	1
EPHA6	1
EPHA7	1
EPHA8	1
EPHB1	1
EPHB2	1
EPHB3	1
EPHB4	4
EPHB6	1
EPHX2	2
ERAP1	1
ERAP2	1
ERBB2	37
ERBB3	16
ERBB4	13
EREG	1
ERG1	1
ERG11	21
ERVW-1	1
ESR1	2
ESRRG	1
EZH2	2
F	14
F10	11
F11	4
F12	1
F2	11
F2R	3
F2RL3	1
F5	1
F7	1
F8	2
F9	1
FAAH	3
FAU	7
FCER2	1
FCGR2B	1
FCGRT	5
FDFT1	1
FDPS	6
FFAR2	1
FGA	1
FGB	1
FGF1	2
FGF2	1
FGF23	1
FGFR1	26
FGFR2	24
FGFR3	24
FGFR4	16
FGG	1
FGR	5
FKBP1A	7
FLT1	46
FLT3	43
FLT4	47
FNTA	2
FNTB	2
FOLR1	1
FRK	6
FTO	1
FXYD2	6
FYN	6
FZD1	1
FZD2	1
FZD5	1
FZD7	1
FZD8	2
G	3
GAA	3
GABBR1	1
GABBR2	1
GABRA1	2
GABRA2	2
GABRA3	2
GABRA4	2
GABRA5	2
GABRA6	2
GABRB1	2
GABRB2	2
GABRB3	2
GABRD	2
GABRE	2
GABRG1	2
GABRG2	2
GABRG3	2
GABRP	2
GABRQ	2
GART	6
GAS6	1
GCGR	6
GDF2	1
GGCX	1
GHR	1
GHSR	1
GLP1R	1
GLS	1
GMPS	1
GNRHR	14
GP	6
GP1BA	1
GP6	1
GPC3	1
GPD2	1
GPR84	2
GRIA1	9
GRIA2	9
GRIA3	8
GRIA4	8
GRIK1	4
GRIK2	3
GRIK3	3
GRIK4	3
GRIK5	3
GRIN1	23
GRIN2A	21
GRIN2B	23
GRIN2C	19
GRIN2D	19
GRIN3A	19
GRIN3B	19
GRM5	4
GSC1	5
GSK3A	4
GSK3B	6
GSR	1
GSTP1	1
GUCY1A1	1
GUCY1A2	1
GUCY1B1	1
GUCY1B2	1
GWT1	1
HA	4
HAMP	1
HAVCR2	3
HBA1	1
HBA2	1
HBB	1
HBEGF	1
HBcAg	1
HCK	6
HCN4	3
HCRTR1	8
HCRTR2	9
HDAC1	12
HDAC10	10
HDAC11	11
HDAC2	12
HDAC3	12
HDAC4	10
HDAC5	10
HDAC6	12
HDAC7	10
HDAC8	11
HDAC9	10
HELI	2
HGF	2
HIV1	1
HLA-DRB1	1
HLA-DRB3	1
HLA-DRB4	1
HLA-DRB5	1
HMGB1	1
HMGCR	10
HPD	1
HPSE	1
HRAS	1
HRH1	69
HRH2	10
HRH3	15
HRH4	3
HSD11B1	6
HSD11B2	1
HSD3B2	1
HSP90	1
HSP90AA1	9
HSP90AB1	9
HSPA1A	1
HSPA1B	1
HSPA8	1
HTR1A	7
HTR1B	5
HTR1D	4
HTR1E	2
HTR1F	2
HTR2A	61
HTR2B	8
HTR2C	30
HTR3A	19
HTR3B	10
HTR3C	9
HTR3D	9
HTR3E	9
HTR4	3
HTR5A	2
HTR6	7
HTR7	4
ICAM1	3
ICAM3	1
ICOS	2
ICOSLG	1
IDH1	7
IDH2	3
IDO1	2
IFNA1	2
IFNA10	2
IFNA13	2
IFNA14	2
IFNA16	2
IFNA17	2
IFNA2	2
IFNA21	2
IFNA4	2
IFNA5	2
IFNA6	2
IFNA7	2
IFNA8	2
IFNAR1	1
IFNB1	1
IFNG	3
IGF1	2
IGF1R	18
IGF2	2
IGHE	6
IKBKB	7
IL10	1
IL12A	3
IL12B	8
IL13	7
IL15	1
IL17A	10
IL17F	2
IL17RA	1
IL18	2
IL1A	2
IL1B	5
IL1R1	3
IL1RAP	3
IL1RL1	1
IL1RL2	2
IL20	1
IL22	1
IL23A	8
IL2RA	3
IL2RB	4
IL2RG	2
IL31RA	1
IL33	2
IL3RA	1
IL4	2
IL4R	1
IL5	3
IL5RA	1
IL6	8
IL6R	5
IL6ST	1
IL9	1
IMPA1	2
IMPDH1	9
IMPDH2	7
INHBA	2
INSR	3
IRAK1	1
IRAK4	1
ITGA2	1
ITGA2B	5
ITGA4	5
ITGA5	3
ITGAL	4
ITGAM	1
ITGAV	7
ITGB1	5
ITGB2	6
ITGB3	10
ITGB5	3
ITGB6	3
ITGB7	5
ITGB8	1
ITK	3
JAK1	23
JAK2	29
JAK3	19
KCNA1	6
KCNA10	6
KCNA2	6
KCNA3	6
KCNA4	6
KCNA5	7
KCNA6	6
KCNA7	6
KCNB1	6
KCNB2	6
KCNC1	6
KCNC2	6
KCNC3	6
KCNC4	6
KCND1	6
KCND2	6
KCND3	7
KCNF1	6
KCNG1	6
KCNG2	6
KCNG3	6
KCNG4	6
KCNH1	6
KCNH2	13
KCNH3	6
KCNH4	6
KCNH5	6
KCNH6	6
KCNH7	6
KCNH8	6
KCNJ11	13
KCNJ2	1
KCNJ3	1
KCNJ5	1
KCNK3	1
KCNK9	1
KCNN4	1
KCNQ1	6
KCNQ2	6
KCNQ3	6
KCNQ4	6
KCNQ5	6
KCNS1	6
KCNS2	6
KCNS3	6
KCNV1	6
KCNV2	6
KDM1A	1
KDR	75
KEAP1	4
KIF11	4
KIF5B	2
KIR2DL1	2
KIR2DL2	2
KIR2DL3	2
KIR3DL2	1
KIT	35
KLKB1	6
KLRC1	1
KMT2A	1
KPC-2	1
KRAS	3
L	4
LAG3	5
LAP3	1
LCK	7
LGALS1	1
LGALS3	3
LGR4	1
LILRA4	1
LINGO1	1
LIPF	2
LNPEP	1
LOXL2	2
LPAR1	1
LTA	2
LTA4H	1
LTB	1
LTB4R	4
LTB4R2	2
LVRN	1
LY96	1
LYN	8
M	3
MADCAM1	1
MAG	1
MALT1	1
MAOA	13
MAOB	15
MAP2K1	19
MAP2K2	18
MAP3K1	1
MAP3K10	1
MAP3K11	1
MAP3K12	1
MAP3K13	1
MAP3K5	1
MAP3K8	1
MAP3K9	1
MAPK1	6
MAPK10	5
MAPK11	3
MAPK14	35
MAPK3	6
MAPK8	3
MAPK9	3
MAPKAPK2	1
MAPKAPK5	1
MAPT	6
MARCKS	1
MASP2	1
MCAM	1
MCL1	1
MDM2	4
MEN1	2
MERTK	1
MET	36
METAP1	1
METAP1D	1
METAP2	3
MGAM	4
MGAM2	2
MGLL	1
MIF	2
MKNK1	1
MKNK2	1
MME	4
MMP1	5
MMP12	3
MMP13	6
MMP14	2
MMP2	3
MMP3	2
MMP7	4
MMP8	5
MMP9	5
MPO	1
MSLN	1
MST1R	4
MSTN	7
MT-CYB	1
MT-ND1	3
MT-ND2	3
MT-ND3	3
MT-ND4	3
MT-ND4L	3
MT-ND5	3
MT-ND6	3
MTOR	26
MTTP	5
MUC1	1
MYH6	1
MYH7	1
MYH7B	1
MYL2	1
MYL3	1
MYL4	1
MYL7	1
N	1
NA	5
NAE1	1
NAMPT	2
NCSTN	6
NDUFA1	3
NDUFA10	3
NDUFA11	3
NDUFA12	3
NDUFA13	3
NDUFA2	3
NDUFA3	3
NDUFA5	3
NDUFA6	3
NDUFA7	3
NDUFA8	3
NDUFA9	3
NDUFAB1	3
NDUFAF1	3
NDUFAF2	3
NDUFAF3	3
NDUFAF4	3
NDUFB1	3
NDUFB10	3
NDUFB11	3
NDUFB2	3
NDUFB3	3
NDUFB4	3
NDUFB5	3
NDUFB6	3
NDUFB7	3
NDUFB8	3
NDUFB9	3
NDUFC1	3
NDUFC2	3
NDUFS1	3
NDUFS2	3
NDUFS3	3
NDUFS4	3
NDUFS5	3
NDUFS6	3
NDUFS7	3
NDUFS8	3
NDUFV1	3
NDUFV2	3
NDUFV3	3
NFE2L2	1
NFKB1	1
NFKB2	1
NGF	5
NLRP3	1
NOS1	2
NOS2	4
NOS3	2
NOTCH1	1
NOTCH2	1
NOTCH3	1
NOX1	1
NOX4	1
NPC1L1	1
NPEPL1	1
NPEPPS	1
NPM1	2
NPY5R	3
NR3C1	5
NR3C2	13
NRAS	1
NRP1	1
NS3	17
NS4A	17
NS5A	10
NS5b	20
NT5E	1
NTRK1	16
NTRK2	12
NTRK3	12
NTSR1	1
ODC1	1
OPG057	2
OPG071	1
OPRD1	6
OPRK1	9
OPRL1	2
OPRM1	19
OSMR	1
OXTR	7
P	14
P2RX3	3
P2RX7	5
P2RY12	13
P4HB	5
P4HTM	2
PA	3
PAK4	1
PARP1	13
PARP2	12
PARP3	5
PB1	1
PB2	2
PBP2X	3
PCSK9	9
PDCD1	26
PDE10A	6
PDE1A	2
PDE1B	2
PDE1C	2
PDE2A	2
PDE3A	16
PDE3B	11
PDE4	1
PDE4A	28
PDE4B	28
PDE4C	28
PDE4D	29
PDE5A	11
PDE6A	2
PDE6B	2
PDE6C	2
PDE6D	2
PDE6G	2
PDE6H	2
PDE7A	3
PDE7B	3
PDE8A	3
PDE8B	3
PDE9A	6
PDGFB	1
PDGFRA	30
PDGFRB	42
PDK1	1
PDK2	1
PDK3	1
PDK4	1
PDPK1	2
PFOR	1
PGA5	1
PGF	3
PGR	4
PIK3CA	35
PIK3CB	31
PIK3CD	46
PIK3CG	31
PIK3R1	26
PIK3R2	26
PIK3R3	26
PIK3R5	26
PIKFYVE	2
PIM1	3
PIM2	3
PIM3	3
PLA2G10	1
PLA2G2A	2
PLA2G4A	1
PLA2G5	1
PLA2G7	2
PLAT	1
PLG	3
PLK1	8
PLK4	3
PNLIP	2
PNP	2
POLA1	6
POLA2	6
POLD1	6
POLD2	6
POLD3	6
POLD4	6
POLE	6
POLE2	6
POLE3	6
POLR1A	1
POLR2A	1
POLR3A	1
PORCN	1
PPARG	1
PPAT	3
PPIA	2
PPP2CA	1
PPP2CB	1
PPP3CA	1
PPP5C	1
PPPK-DHPS	2
PRIM1	6
PRIM2	6
PRKACA	1
PRKACB	1
PRKACG	1
PRKCA	5
PRKCB	7
PRKCD	6
PRKCE	6
PRKCG	5
PRKCH	5
PRKCI	5
PRKCQ	5
PRKCZ	5
PRKD1	5
PRKD3	5
PRKDC	1
PRMT5	1
PSCA	1
PSEN1	6
PSEN2	6
PSENEN	6
PSMA1	7
PSMA2	7
PSMA3	7
PSMA4	7
PSMA5	7
PSMA6	7
PSMA7	7
PSMA8	7
PSMB1	7
PSMB10	7
PSMB11	7
PSMB2	7
PSMB3	7
PSMB4	7
PSMB5	7
PSMB6	7
PSMB7	7
PSMB8	7
PSMB9	7
PSMC1	6
PSMC2	6
PSMC3	6
PSMC4	6
PSMC5	6
PSMC6	6
PSMD1	6
PSMD11	6
PSMD12	6
PSMD13	6
PSMD14	6
PSMD2	6
PSMD3	6
PSMD4	6
PSMD6	6
PSMD7	6
PSMD8	6
PTAFR	2
PTGDR	3
PTGDR2	16
PTGDS	1
PTGER1	1
PTGER4	2
PTGS1	62
PTGS2	80
PTHLH	1
PTK2	7
PTK2B	2
PTK6	1
PTPN11	1
PTPRB	1
PfATPase4	1
RAF1	10
RAMP1	1
RARA	1
RARB	1
RARG	1
RBX1	3
RELA	1
REN	4
RET	15
RGMA	2
RHD	3
RIPK1	1
RNPEP	1
RNPEPL1	1
ROCK1	11
ROCK2	12
ROR1	1
RORC	1
ROS1	4
RPE65	2
RPL10	7
RPL10A	7
RPL11	7
RPL12	7
RPL13	7
RPL13A	7
RPL14	7
RPL15	7
RPL17	7
RPL18	7
RPL18A	7
RPL19	7
RPL21	7
RPL22	7
RPL23	7
RPL23A	7
RPL24	7
RPL26	7
RPL27	7
RPL27A	7
RPL28	7
RPL29	7
RPL3	7
RPL30	7
RPL31	7
RPL32	7
RPL34	7
RPL35	7
RPL35A	7
RPL36	7
RPL36A	7
RPL37	7
RPL37A	7
RPL38	7
RPL39	7
RPL4	7
RPL41	7
RPL5	7
RPL6	7
RPL7	7
RPL7A	7
RPL8	7
RPL9	7
RPL9P7	7
RPL9P8	7
RPL9P9	7
RPLP0	7
RPLP1	7
RPS10	7
RPS11	7
RPS12	7
RPS13	7
RPS14	7
RPS15	7
RPS15A	7
RPS16	7
RPS17	7
RPS18	7
RPS19	7
RPS2	7
RPS20	7
RPS21	7
RPS23	7
RPS24	7
RPS25	7
RPS26	7
RPS27	7
RPS27A	7
RPS28	7
RPS29	7
RPS3	7
RPS3A	7
RPS4X	7
RPS4Y1	7
RPS5	7
RPS6	7
RPS6KA1	1
RPS6KA2	1
RPS6KA3	1
RPS6KA6	1
RPS6KB1	5
RPS6KB2	4
RPS7	7
RPS8	7
RPS9	7
RPSA	7
RRM1	8
RRM2	7
RRM2B	8
RSPO3	1
RTN4	2
RXRA	1
RYR1	1
RYR3	1
Rdl1	1
Rdl2	1
Rdl3	1
S	14
SCN10A	62
SCN11A	59
SCN1A	58
SCN2A	59
SCN3A	59
SCN4A	62
SCN5A	65
SCN7A	58
SCN8A	59
SCN9A	65
SCNN1A	3
SCNN1B	3
SCNN1G	3
SDC4	1
SELE	4
SELL	3
SELP	5
SELPLG	1
SEM1	6
SEMA4D	1
SERPINC1	1
SERPINE1	1
SI	2
SIGLEC8	1
SIGMAR1	1
SIRT1	1
SLAMF7	1
SLC10A1	3
SLC10A2	7
SLC12A1	5
SLC12A3	14
SLC18A2	13
SLC22A11	1
SLC22A12	8
SLC22A6	2
SLC22A8	2
SLC29A1	1
SLC5A1	2
SLC5A2	17
SLC6A1	1
SLC6A2	54
SLC6A3	25
SLC6A4	43
SLC6A9	3
SLC9A3	2
SMO	9
SNAP25	4
SNCA	1
SOAT1	3
SOAT2	1
SOST	5
SPHK2	1
SPP1	1
SRC	13
SRD5A1	2
SRD5A2	3
SRD5A3	2
SRMS	5
STS	1
SYK	14
TACR1	18
TACR2	3
TACR3	4
TBXA2R	5
TBXAS1	3
TEC	2
TEK	8
TERT	2
TFPI	4
TFR2	1
TFRC	2
TGFA	1
TGFB1	4
TGFB2	3
TGFB3	2
TGFBR1	2
TH	1
TIE1	1
TIGIT	7
TLR2	2
TLR4	2
TLR7	4
TLR8	3
TLR9	2
TMP1	1
TNF	14
TNFRSF1A	1
TNFRSF4	2
TNFSF11	1
TNFSF12	2
TNFSF13	2
TNFSF13B	7
TNFSF14	2
TNFSF4	2
TNKS	1
TNKS2	1
TOP1	23
TOP2A	22
TOP2B	10
TP53	4
TPH1	4
TPH2	3
TPO	3
TRAC	3
TRAF3IP2	1
TRAV29DV5	3
TRBV7-9	3
TREM1	1
TRGV3	3
TRM1	1
TRM2	1
TRM3	1
TRPA1	4
TRPM8	1
TRPV1	14
TRPV3	1
TRPV4	3
TSG101	1
TSLP	1
TSPO	1
TTK	2
TUBA1A	73
TUBA1B	73
TUBA1C	73
TUBA3C	73
TUBA3E	73
TUBA4A	73
TUBB	74
TUBB1	74
TUBB2A	74
TUBB2B	74
TUBB3	74
TUBB4A	74
TUBB4B	74
TUBB6	74
TUBB8	74
TUBB8B	1
TXK	2
TXN	1
TXNRD1	3
TYK2	14
TYMP	1
TYMS	11
TYR	3
UBA3	1
UGCG	4
UL97	1
UMPS	1
UTS2R	1
VAMP2	1
VEGFA	11
VEGFB	1
VEGFC	1
VKORC1	7
VWF	2
WEE1	2
XDH	6
XPNPEP1	1
XPNPEP2	1
XPNPEP3	1
XPO1	1
YES1	6
ace-1	1
alr	1
ampC	1
atpA	1
atpB	1
atpC	1
atpD	1
atpE	1
atpF	1
atpFH	1
atpG	1
bla	6
blaIMP-1	1
blaOXA-33	1
blaOXA-58	1
blaT-3	6
blaT-4	6
blaT-5	6
blaT-6	6
blaUOE-1	1
botA	1
clfA	1
cyp51A	1
cyp51c	1
dacA	86
dacB	85
dacC	85
ddl	1
dhod	1
dprE1	2
embA	1
env	9
fabI	5
fas	1
folA	8
folP	23
folP1	2
ftsI	85
fusA	2
gB	2
gC	1
gD	1
gE	1
gG	1
gH	2
gI	1
gJ	1
gK	1
gL	1
gM	1
gN	1
gag	2
gyrA	38
gyrB	38
hly	2
hmg1	1
ileS	2
inhA	2
int	1
leuS	1
lptD	1
mecA	7
metG	1
mrcA	86
mrcB	85
mrdA	87
murA	1
pagA	2
parC	29
parE	27
pbp1a	3
pbp1b	3
pbp2	6
pbp2a	3
pbp2b	3
pbp3	3
pbp4	6
pbpA	8
pbpB	1
pbpC	1
pbpF	5
pbpX	1
pcrV	2
pol	58
ponB	1
protease	1
rep	3
reverse	5
rplA	76
rplB	76
rplC	76
rplD	76
rplE	76
rplF	76
rplI	9
rplJ	76
rplK	76
rplL	76
rplM	76
rplN	76
rplO	76
rplP	76
rplQ	76
rplR	76
rplS	76
rplT	76
rplU	76
rplV	76
rplW	76
rplX	76
rplY	73
rpmA	76
rpmB	72
rpmB1	4
rpmB2	4
rpmC	76
rpmD	76
rpmE	73
rpmE2	5
rpmF	76
rpmG	69
rpmG1	7
rpmG2	7
rpmG3	3
rpmH	76
rpmI	76
rpmJ	76
rpmJ2	2
rpoA	8
rpoB	8
rpoC	8
rpoZ	8
rpsA	75
rpsB	76
rpsC	76
rpsD	76
rpsE	76
rpsF	76
rpsG	76
rpsH	76
rpsI	76
rpsJ	76
rpsK	76
rpsL	76
rpsM	76
rpsN	76
rpsO	76
rpsP	76
rpsQ	76
rpsR	72
rpsR1	4
rpsR2	4
rpsS	76
rpsT	76
rpsU	72
rpsZ	5
stxB	1
tat	1
tcdA	2
tcdB	1
thyA	2
topB	2
transcriptase	5
tuf1	1
tuf2	1
ureA	1
ureB	2
ureC	1
vssc	1
ykgM	67
ykgO	67
