symbol	ensembl_gene_id	canonical_transcript	build	chrom_nochr	chrom_ucsc	start	end	strand	tier	note
BUB1B	ENSG00000156970	ENST00000287598.11	GRCh38	15	chr15	40160984	40221137	1	1	MVA1 (OMIM 257300)
CEP57	ENSG00000166037	ENST00000325542.10	GRCh38	11	chr11	95789965	95837070	1	1	MVA2 (OMIM 614114)
TRIP13	ENSG00000071539	ENST00000166345.8	GRCh38	5	chr5	892849	919357	1	1	MVA3 (OMIM 617598)
BUB1	ENSG00000169679	ENST00000302759.11	GRCh38	2	chr2	110635468	110678098	-1	2	SAC component, reported MVA/CIN
BUB3	ENSG00000154473	ENST00000368865.9	GRCh38	10	chr10	123154365	123313144	1	2	SAC component, reported MVA/CIN
CENATAC	ENSG00000186166	ENST00000334418.6	GRCh38	11	chr11	118998051	119015811	1	2	CENATAC/CCDC84 mosaic variegated aneuploidy
CEP192	ENSG00000101639	ENST00000506447.5	GRCh38	18	chr18	12991283	13125053	1	2	MVA + tetraploidy + male infertility
SMC5	ENSG00000198887	ENST00000361138.7	GRCh38	9	chr9	70258270	70354874	1	2	Atelis syndrome, near-tetraploidy/MVA overlap
CEP57L1	ENSG00000183137	ENST00000517392.6	GRCh38	6	chr6	109095105	109174418	1	3	CEP57 paralogue, candidate only
